x	y	c	color	sign
-1.83294118982852	0.334208626165017	-0.420543549856395	2	FALSE
0.528780221813435	0.727596150007221	0.229265465266464	3	TRUE
-1.74242497466118	1.24289502182309	-0.849019694071937	1	FALSE
0.969639791224648	-0.387200809222174	-1.05501740864012	1	FALSE
-0.93287846182085	-1.1552604947352	-1.08752749143947	1	FALSE
0.174782629481969	-0.511233031314323	-1.95439162840564	1	FALSE
0.475734367435081	-0.326861854071523	0.629622148256109	3	TRUE
-0.690414591021306	0.236492392201783	-0.474782333492086	2	FALSE
-2.36218173438136	2.15233392625374	0.917400437534459	4	TRUE
-0.153182065878013	-0.427259212056737	1.26055540424658	4	TRUE
0.872721881128378	0.639258564900777	-0.199569632306009	2	FALSE
-0.19154730672344	-0.841735201669292	-0.53742416533908	2	FALSE
0.755733771024322	-0.278149139966934	0.529693844843957	3	TRUE
-1.13638305066068	-0.300635666386646	0.769271169251446	4	TRUE
-0.281711363536096	0.183898519978173	0.344548627622992	3	TRUE
0.509652910331548	-2.17637924540917	-1.55128048359671	1	FALSE
-0.262934496916385	0.0312637095444391	-0.330542168508295	2	FALSE
-0.230046351505946	-0.465366514306409	0.508502651837868	3	TRUE
-0.764385164958595	-0.392357815824428	1.07520305337089	4	TRUE
-0.439488386131199	-2.27384305084641	-0.607043282999799	2	FALSE
0.412686400882772	0.151954422852175	0.914091482512585	4	TRUE
-0.619768742888188	0.0457490337769276	-0.512140449685053	2	FALSE
-1.53667342504426	0.798943068325359	0.81255651595648	4	TRUE
0.704880815979602	-1.54741431644723	-0.25868234916966	2	FALSE
0.709091631611006	-0.505654557509573	0.768722391354322	4	TRUE
1.82767095960584	-0.823399851164916	0.668676322688452	3	TRUE
-0.0465131683387849	0.409468956658165	0.165121175405572	3	TRUE
-0.671805196994041	0.116183215545495	-0.981796577745194	1	FALSE
-0.310466818948428	-0.609474539375501	0.507925823783979	3	TRUE
-0.679015836929932	0.892794122840244	-1.94725888183097	1	FALSE
1.44432306075506	0.134213134329659	-0.0695407315555978	2	FALSE
-1.07442976858999	0.0997828235584248	0.215054265155346	3	TRUE
0.160032354656797	0.749331796563483	1.79941066744999	4	TRUE
-0.180558713956567	0.609260748440701	1.12027079272148	4	TRUE
0.997613713755779	-0.698522319695313	0.331557351871226	3	TRUE
0.48867891043483	0.376824514624336	-1.77322237105731	1	FALSE
0.511194213809324	-1.12355684279832	1.53898018138493	4	TRUE
-0.376251496311808	-0.649579446956879	-0.174064046197894	2	FALSE
-0.740616132958495	0.338727823198894	-1.32747487600208	1	FALSE
2.24048881284493	0.475114269105883	-0.0675290868358695	2	FALSE
0.132289549223964	-0.107147415960721	0.0914105775736932	3	TRUE
-1.95734462717212	-0.914081601645537	0.942748583409447	4	TRUE
0.26438670599162	-1.53633168333358	1.72829706416947	4	TRUE
-0.972923431425336	1.61110746114728	1.02479950864239	4	TRUE
2.51398005508176	-1.96738388239674	-1.22271178644094	1	FALSE
-0.482470622457282	-0.461336158111639	1.97260014456109	4	TRUE
-0.202039526276368	1.00367628979718	0.147408652788859	3	TRUE
0.796383299757902	-0.346259499940966	0.508681921595977	3	TRUE
2.03803043325684	0.230802852837113	0.188577458296259	3	TRUE
-1.41208968289221	-0.408847258322144	0.0622311279077611	3	TRUE
0.0269186291835254	0.722554990819175	1.56091923977863	4	TRUE
-2.03575870221137	0.813329906377816	-0.24788923316079	2	FALSE
0.346315647478779	-0.159938579329038	-0.0370857598068091	2	FALSE
-2.22442574114559	0.425370562566848	-1.21537156875887	1	FALSE
0.469621735593647	-1.51209124157839	0.246256886102494	3	TRUE
0.231753573352256	1.4781513687086	-0.840170042907213	1	FALSE
0.139626124402192	-1.57595751524626	0.64337524424865	3	TRUE
-3.11601673535183	-0.65976254757366	-1.15296537660117	1	FALSE
-0.629688186634947	-1.17514716860111	-0.768609724760328	1	FALSE
0.365451321897977	0.725793114932183	0.622699962671651	3	TRUE
0.534018970887217	-0.590763563642646	0.382689588106559	3	TRUE
-0.460607533588931	0.253563990888465	-0.547029761414954	2	FALSE
-0.148943761574652	0.345757719230214	0.573081434240798	3	TRUE
-0.517798217709741	-0.849396579896285	-0.8807588472624	1	FALSE
-0.278409617194411	0.690863171896474	0.568047541892044	3	TRUE
-0.119509735439644	0.477687413150855	0.493524680573331	3	TRUE
-1.32440094815749	0.110840288757197	1.20429991323618	4	TRUE
-1.54058709813714	-0.792015933517536	-0.388115274540207	2	FALSE
0.0985558980406045	0.0890154876067041	0.385044987215362	3	TRUE
-0.929855896855242	-2.07548775706415	0.602109825639909	3	TRUE
-1.05232506446986	-0.931452897552742	-0.84875812035504	1	FALSE
-1.41253092117227	-1.40405416121028	0.824350488005367	4	TRUE
-0.350044012938448	0.848343675272734	-0.342305028375687	2	FALSE
-2.62630203721387	-0.305379978847208	1.026264692415	4	TRUE
0.598768229767724	0.607314070325457	-0.442540759283909	2	FALSE
0.861433497218366	1.39789012240251	0.20218362261778	3	TRUE
1.54901408387073	-1.45635160467243	0.461218388232251	3	TRUE
0.491485837435598	0.34597122178467	-1.0431629146944	1	FALSE
-0.0854032181676807	1.19182174148601	0.464419979743978	3	TRUE
-0.742245447819535	0.135599217495853	-0.498399259204422	2	FALSE
-0.471081810646652	0.287063926688868	-1.09345299077774	1	FALSE
-0.0706775571620562	1.99055214434233	0.0275436855006544	3	TRUE
1.04246263982768	0.100144548959942	-0.452940356968445	2	FALSE
-0.18701483685687	1.65866878303894	-1.1252061461078	1	FALSE
0.78914856390294	0.475699735929855	-0.853713216562122	1	FALSE
0.167328704454331	0.846449632796035	1.29066116344534	4	TRUE
-0.472493414590191	-0.0899209164461878	-0.172806387163973	2	FALSE
-0.581861984960884	-0.651787074603402	0.627888787224473	3	TRUE
0.0181847705899052	-0.201237781127917	0.697284184158461	3	TRUE
-0.974915184808972	0.148232733961544	0.475787257423743	3	TRUE
0.313254362001741	0.672311027832562	0.0898652965865308	3	TRUE
-0.329340550474146	1.72620517881832	-0.401638979370855	2	FALSE
-2.09895116421052	0.369763129551412	-1.66901218990813	1	FALSE
-0.298576743744428	0.405635696668125	0.533374309010727	3	TRUE
0.516389024688145	-0.0704540876457657	1.40953153914896	4	TRUE
-0.491929487305343	0.200944933513438	-1.5078879761298	1	FALSE
0.230280645965284	0.555305396995234	0.12802654496268	3	TRUE
-1.07600025618445	1.2729064812785	0.911259273265977	4	TRUE
0.70338940075964	-0.475107629446767	1.42010776245303	4	TRUE
0.251746708879853	1.20606233627211	0.325253398406368	3	TRUE
-0.235329184737468	-0.727500157620821	-0.703605539336806	1	FALSE
0.284852892988635	0.216565158262304	-1.0992504107443	1	FALSE
-1.57544172009833	0.322836034987721	0.0271910013704078	3	TRUE
0.322447370333167	-1.89973056457593	-0.948971295681951	1	FALSE
1.45106322482782	1.81800915065799	-0.65438305347884	2	FALSE
0.542201747137202	0.418024619887595	-0.297978094008045	2	FALSE
0.643730572013682	0.85224706683391	-0.334540411780616	2	FALSE
-0.685181582892689	-0.370002297859938	1.47273491368642	4	TRUE
0.551268423300875	1.54066259456617	-1.16073749633627	1	FALSE
1.17293422196287	0.734038015397029	1.38471789276638	4	TRUE
0.499605466646776	-0.379398343568294	0.921883807393196	4	TRUE
-1.49846473104454	-2.09261778582038	-1.0204128982631	1	FALSE
-1.08345857888427	0.728919003789275	0.41666572073352	3	TRUE
0.627126139049954	-0.936303415786408	0.619405201359532	3	TRUE
1.34652111179276	-0.240915929375643	-1.35323161860609	1	FALSE
-0.341095281919926	0.380171335326717	0.218797702089984	3	TRUE
-0.197752785059623	0.0849511848232422	-0.154348104455873	2	FALSE
1.1832106329883	-0.70853276510284	-0.605752903961104	2	FALSE
-1.65522808187534	-0.319364327404451	-1.20930294642648	1	FALSE
-0.721247637602364	-1.06262022191806	-1.2171910229757	1	FALSE
-0.843260479200508	0.21166640125207	-0.164780268866024	2	FALSE
-0.971728807133094	0.305696734105962	0.290955644073551	3	TRUE
-0.527959080272616	0.934112427580972	-0.883628310199463	1	FALSE
0.220301808280467	-0.736304683986822	-1.32697912016854	1	FALSE
-0.153772760325212	0.756699060178836	0.483618562895131	3	TRUE
0.192521783710687	0.278835761027011	-0.515144543693935	2	FALSE
-0.675449356721033	-0.419855631201244	0.422654622996491	3	TRUE
0.0973374843666836	0.846298269712136	1.65453094689271	4	TRUE
-0.729792810336331	-0.424008774589571	1.21498104760045	4	TRUE
-0.162158678139264	-0.892453733902343	-1.19370627964718	1	FALSE
-0.691930043167941	0.806540437199569	-0.411863626324363	2	FALSE
0.592791791731283	1.9505013716944	-0.482663494287384	2	FALSE
-0.811653833128439	1.7507558692591	0.742144364194456	4	TRUE
-0.271937628726281	-0.275316087300767	0.768963580660387	4	TRUE
1.34798860730291	1.68309739928688	-1.54072041613543	1	FALSE
0.233170152375222	0.851998493677782	0.880855063248902	4	TRUE
0.449670946734519	-0.283503824217307	0.392616211523671	3	TRUE
0.404267793971353	-0.657649922242733	0.293838650307205	3	TRUE
0.0233254016694746	-0.69404065327781	-1.13346936165007	1	FALSE
-1.64196727599159	0.889039299920056	-0.252489846660809	2	FALSE
-0.659316224159005	-0.585996909306229	0.0187703832212078	3	TRUE
-0.298819956124474	0.813428213254975	0.254358528074156	3	TRUE
-0.209214067323266	0.357228402577244	1.33961537292001	4	TRUE
-1.37785147923168	1.04232619659112	1.85887453021144	4	TRUE
-2.38378700251214	-0.286205744309374	0.857921259350315	4	TRUE
-2.25508868822914	0.121511071352657	-0.430514122514367	2	FALSE
0.620114457556416	0.655172520383828	-0.81154963929776	1	FALSE
-0.45485036513645	0.517378933804138	0.392643073185355	3	TRUE
0.260931666113898	0.622937675045686	0.120750524085636	3	TRUE
0.100522673219194	0.920390541064064	0.293915455606959	3	TRUE
-0.315579102280589	-0.200931826976322	0.143571382714676	3	TRUE
0.242078728657586	-0.0781336270296603	0.431309681816339	3	TRUE
-0.65397382319652	1.53174384748854	0.208009224583441	3	TRUE
0.87874360432501	-0.983489332527557	-0.926633798817756	1	FALSE
0.842993485103861	0.341794771152993	-0.165540341414727	2	FALSE
0.750430314270899	0.0173029831816451	-0.111328009905804	2	FALSE
0.00936811083495415	-0.614957225194037	-1.73190066828992	1	FALSE
-0.842381740332507	0.48814170886263	-0.430163904482018	2	FALSE
-0.78841204549097	0.246314806678542	-0.555192370284748	2	FALSE
-0.136856941200772	0.255952031399876	0.715082308524161	4	TRUE
-0.706645015730887	0.0136181169137525	-0.463170036502986	2	FALSE
-0.422517712112343	-0.398201599864457	1.73179087578026	4	TRUE
0.102081082613395	0.821916536621708	1.23292000416355	4	TRUE
-0.47356933134156	-0.327852347033377	0.862768849369714	4	TRUE
0.64740188365218	0.185090934292492	-0.770243989150538	1	FALSE
0.470936201128449	1.57706795990098	-0.847035087766444	1	FALSE
-0.341141478396872	0.392539006247594	0.456700668434861	3	TRUE
-0.863738656101333	-1.67681135833989	1.03965866643346	4	TRUE
1.04986861860879	-0.344411833255323	-0.289923098822589	2	FALSE
-1.31845896709472	-1.55355843197913	1.62579743655292	4	TRUE
1.5408383584233	0.48592770538753	1.20018223860013	4	TRUE
0.431454527198099	3.1259346987388	-1.24853347143923	1	FALSE
-2.51596017790446	-1.2001856309091	0.08064946550897	3	TRUE
-1.61370169326187	0.0755662067330689	0.395630053543661	3	TRUE
-1.2359429196877	0.555669125889672	0.432265043582217	3	TRUE
1.33572474805902	-0.873688806416834	-1.54360308390737	1	FALSE
-0.783420531849804	0.202445056353571	-0.59289611511576	2	FALSE
-0.926903145342362	-0.831689889764446	-0.367778393643088	2	FALSE
-0.498394701875854	-0.395559758404271	0.769219013814645	4	TRUE
2.35267477772439	-0.269061925692926	0.293447336978803	3	TRUE
-0.158831952471274	0.138536164653688	0.911952475523081	4	TRUE
-0.602219398676186	-0.785390465606897	-0.451706137620283	2	FALSE
-0.344000300263303	-0.197987267357674	0.30889173761244	3	TRUE
1.08301049483997	0.0143966838823096	-0.713582098321014	1	FALSE
1.52461936164225	-0.842923594053039	-1.42036816044026	1	FALSE
1.22483603991259	0.133912197679693	-1.44211360050781	1	FALSE
0.580107401552896	-0.107322376905165	0.861322962981547	4	TRUE
0.157717653586338	-0.895264677453432	-0.600550581347006	2	FALSE
0.848272874477297	-0.380462068586503	1.41222778191733	4	TRUE
-0.147271523277082	-0.721759847033207	-0.939081372413418	1	FALSE
0.382117290335813	-1.05366488490669	0.925307357000553	4	TRUE
-1.28396278302178	0.760763722263796	0.61152908710319	3	TRUE
-0.0915189725012752	0.0876923948458858	0.734391651013445	4	TRUE
1.08555531036722	-1.12151769294946	-0.777363895836317	1	FALSE
0.849321480847166	-0.524843554550011	0.757072604718462	4	TRUE
-0.756390750716359	0.401176707425128	-0.20578674914884	2	FALSE
0.390154303467257	-0.529734454147611	-0.160761939997816	2	FALSE
0.877079628881536	0.394352318276889	-0.723080195334452	1	FALSE
1.85066297756907	-1.066004240716	0.65166674349346	3	TRUE
-1.63597625077196	-0.342832210006408	-1.82388884327342	1	FALSE
-0.231837244168804	1.79265253517806	-0.477575995046749	2	FALSE
-0.331404362133613	1.60870441670304	-0.367955370804298	2	FALSE
-0.298413900754628	-1.64406133776168	0.679423607298009	3	TRUE
-0.978939959686964	-0.0847039805895773	0.193645071553145	3	TRUE
0.67202575889256	0.96549693817295	0.898246147103757	4	TRUE
-1.0638090306765	1.80380650788154	0.266534576252187	3	TRUE
-2.51136733843286	-0.0323815825258	0.269312113345593	3	TRUE
0.580009993538073	-2.09293386898921	-1.40958735224	1	FALSE
1.52656862909389	0.0844724409089638	0.263125304673846	3	TRUE
-0.778731334491538	1.79340043092877	1.25467031017989	4	TRUE
1.84046170085491	0.0998798785243001	1.47771344531896	4	TRUE
0.401575098972545	-0.452432135412899	-0.453020701213834	2	FALSE
-1.53487421833253	0.398149738865853	0.604493023095488	3	TRUE
-0.978762434220859	-0.745967247698239	-0.836328402119005	1	FALSE
-0.267757126250897	-0.201121251842812	0.260938519116874	3	TRUE
0.186419720871838	-0.767407402537884	-0.457718628487139	2	FALSE
-0.548882132041355	-0.687067739185754	-0.365274169045016	2	FALSE
0.0699816872639383	1.5409667322275	-0.835226707852472	1	FALSE
2.15591176651103	-0.0586775264178339	0.0789340271738056	3	TRUE
-0.501022838291599	0.0430754606976413	-1.35000704103796	1	FALSE
1.03720045975014	-0.370015955561577	-0.462824330860116	2	FALSE
0.810909599173191	-1.54051936335695	-0.453668587364597	2	FALSE
-0.93821264935397	-0.610878807156497	0.241671469643065	3	TRUE
0.340665758147447	-0.613033956747373	0.00096624284505864	3	TRUE
0.834448514627654	-1.40283523704317	-0.399194783537974	2	FALSE
1.53677668372913	1.1458114239589	-0.394047713010826	2	FALSE
1.13333444003669	-1.80494928966597	0.302114110272781	3	TRUE
0.855984060937741	0.159403787460776	-1.05050873721972	1	FALSE
-0.372981665726835	-0.194393461024998	-0.388459961557146	2	FALSE
-0.490734857482085	-0.991320096414491	-0.963206897302891	1	FALSE
-0.57044456880378	-0.521411493742821	0.90011347668107	4	TRUE
-0.0902817997876857	0.470758221946365	0.762635596789039	4	TRUE
-0.847352855551275	0.947435470191485	-1.54569708590071	1	FALSE
-0.236227856586854	-0.218817777730182	0.144917476874698	3	TRUE
1.29720612837621	-0.833849925135367	-1.21755013739028	1	FALSE
-0.116348649292011	-0.755002011755824	-0.86669580523459	1	FALSE
0.132173991602613	-0.0222822771025477	0.530868443622906	3	TRUE
1.27830690440629	0.416358324285601	0.311108334230503	3	TRUE
-0.599842686232918	1.08961322154838	-0.6966376008205	2	FALSE
0.409583006813496	-0.0575545321405854	0.690378706506233	3	TRUE
-0.580778688352639	-0.588955743052016	0.712405908914824	4	TRUE
-1.54635727243078	0.727166481062623	1.29599835651044	4	TRUE
-2.55055585968369	0.016602078322022	0.706776990274473	4	TRUE
-1.01468428017682	0.471250281494365	0.522124916396261	3	TRUE
0.343036430828997	0.969478284948528	0.972450613674304	4	TRUE
-0.0508518068967536	-1.69549034189721	0.447711781386912	3	TRUE
0.576399453067241	-0.320281347887767	0.478536954473089	3	TRUE
0.297938601377667	-1.45431476088929	1.0798095502033	4	TRUE
-0.23388193221557	-0.616345716991021	0.457357611257477	3	TRUE
0.377784779661998	0.385283529708009	-0.734576224461259	1	FALSE
-0.44274000946196	0.160912927762792	-1.39176959681445	1	FALSE
1.4924337950385	-1.32505336742161	0.698072796119007	3	TRUE
-1.14352303767762	-1.97492544475141	0.524229634498484	3	TRUE
-0.152836745103779	0.122299542827733	0.825406852239111	4	TRUE
0.985576093490859	1.68094743041741	-1.01228589310693	1	FALSE
0.373950937912092	-0.283418974246285	-0.236974253501632	2	FALSE
-0.0940430757793536	-0.198868157625424	0.737097397628071	4	TRUE
0.41091143342725	-0.391897071052169	0.388166899968051	3	TRUE
1.00156427652717	-0.203089633385145	-1.02668863666131	1	FALSE
-0.474586517063384	1.14472612939253	-0.800110837874174	1	FALSE
-0.479925502574174	-1.33227231380853	0.195600451036413	3	TRUE
0.84294722034177	-0.178987569203885	1.0019776751425	4	TRUE
0.0568194481300486	-0.199276608465263	0.524177869680399	3	TRUE
-2.14998373200395	1.03375804943778	-1.69813991986505	1	FALSE
-0.584817357595694	-1.67463396725454	0.597664779330727	3	TRUE
0.766494185128217	-1.1894187700524	-0.0894449679827263	2	FALSE
0.354952824784871	0.635529855555569	-0.132752953464854	2	FALSE
0.531312184891155	1.09560033570615	0.448992707204716	3	TRUE
0.983617315005435	0.0505397188378382	-0.608136498738232	2	FALSE
-0.456944657044195	0.50374132476381	-0.091455032649537	2	FALSE
0.955657382462931	0.815396801404772	0.697546045388077	3	TRUE
0.825133209907133	-2.32976627429569	-0.0428878575114822	2	FALSE
-0.845782592928569	-0.347475371363175	0.94269465842711	4	TRUE
-0.712696256854843	0.403804541423938	-1.30597685922335	1	FALSE
0.225596687893576	-0.50673789330476	-1.08091172084692	1	FALSE
0.7252743635282	1.09461019264919	0.772741522739192	4	TRUE
0.0776321488468977	0.233670405375771	-0.852918659727909	1	FALSE
-0.738702793092401	-0.255911482385396	0.344478255191237	3	TRUE
-0.358833346511915	0.704192510903124	0.313212124501232	3	TRUE
1.59189807611488	0.0233302481208996	0.911493964772032	4	TRUE
-3.48054075099827	-0.561129460941766	-1.13968355825342	1	FALSE
0.0577232219893362	0.187425260304406	-0.790511449362088	1	FALSE
-1.38124134810878	-1.73456130040546	0.564765633003717	3	TRUE
-0.535385539740972	1.10609704063164	-1.53002119502833	1	FALSE
0.532057896981555	0.874913584129244	0.0535732701819449	3	TRUE
1.13981858237619	-1.24046520866668	-1.24356016578037	1	FALSE
-0.0234446438507062	-0.320243988549131	0.0969923202025348	3	TRUE
0.576791079637166	-0.373587474905172	0.828319141550703	4	TRUE
0.466027945524954	-0.305655593669312	1.14593136328596	4	TRUE
-0.464590492753235	0.630181375742498	-0.145909555650972	2	FALSE
1.7194309286075	-0.0198178789963963	1.38334377712088	4	TRUE
0.059471167692864	-0.834373684584176	-0.64150022664061	2	FALSE
-0.59155695765089	-0.296790206626678	1.2521113005194	4	TRUE
0.961661185771963	-0.661404520678156	-0.06455733873815	2	FALSE
-1.8588170421706	1.49847711877966	-0.691724585024522	2	FALSE
0.149118441973671	-1.19852299213024	0.18080395850367	3	TRUE
-0.132327579177315	0.209100536289857	0.777729798122733	4	TRUE
-1.37962069595723	-0.521851866202824	-0.770670747069001	1	FALSE
2.63653367439713	-0.134290087996521	-1.07303177969875	1	FALSE
0.57305050152383	0.366750169457766	-0.632222472820103	2	FALSE
-0.921264999656085	-0.767026247908052	-0.969410570378501	1	FALSE
0.260425320597197	-0.494587750161251	-0.902066305754856	1	FALSE
-1.70344265798516	-1.22291847517084	1.22649574450346	4	TRUE
-1.06145362486495	1.28690505751386	1.40260420454605	4	TRUE
0.484576011078921	0.875262342992382	0.649478376200301	3	TRUE
1.04005309287731	-1.04558554688148	0.0165910224239294	3	TRUE
-0.673685826943164	0.209860962720542	-1.27017933265729	1	FALSE
-0.922312065520779	-0.442785249688989	0.878960726201526	4	TRUE
0.880046595123236	0.699582028507597	0.143242972152067	3	TRUE
-1.37118124526626	0.5069205152436	1.23394260386289	4	TRUE
-0.198226985420094	0.624539963617784	0.273370435171035	3	TRUE
2.04552830912611	0.964763196096749	-0.60531186922497	2	FALSE
-0.729920934207759	-1.29072308798445	-0.627703355512742	2	FALSE
-0.949676191379325	0.979272744315526	-0.461904254347997	2	FALSE
-1.49788673807552	-0.168047179996928	0.00937521431550994	3	TRUE
1.41177073318648	-1.05298265381331	-0.968411750667581	1	FALSE
0.608110002901354	-0.267424150952049	1.19969205999221	4	TRUE
-0.452917515945384	0.39981482891886	-0.167884935077077	2	FALSE
-0.776355571384805	0.311694066977002	-0.759741240990954	1	FALSE
0.82765599979327	-0.448667174351469	1.17667751899135	4	TRUE
-1.49287449057136	0.989813945024822	0.652960854039415	3	TRUE
-0.65858714491682	-0.875432368504184	-0.907331319528359	1	FALSE
0.394589558586363	-0.773670168571679	0.136581954327157	3	TRUE
-0.549725751497046	1.48901873390436	-0.641672770635589	2	FALSE
0.296347895076784	-0.0434897716476858	0.072107520931297	3	TRUE
1.42126397308546	-0.0514278789199996	-0.829664206541404	1	FALSE
0.89500601621581	-0.425429232277223	0.536489627692582	3	TRUE
1.07148078757925	0.622248449937561	0.0864467721417667	3	TRUE
-0.583298104549953	-3.19833644850762	0.936493995282266	4	TRUE
0.00509199198304028	-0.570656345449159	-0.942126385477485	1	FALSE
0.148825688103663	0.530134957972834	-0.146667685265164	2	FALSE
-1.56026417456132	1.32123949243147	-0.521518601690175	2	FALSE
0.867608707654015	-0.397166249461893	0.949651133838782	4	TRUE
1.26251006445555	-1.41954112477719	-0.981441707596408	1	FALSE
-1.05376998007135	-1.78402528529337	1.59163354588431	4	TRUE
1.13803385846163	0.598746798870594	0.37467940683902	3	TRUE
-2.79242156890706	0.156015345663181	0.395730116781307	3	TRUE
-0.746764539949191	1.55589946901473	1.01347914271478	4	TRUE
0.656612276119074	0.104239317655499	0.285935440463215	3	TRUE
0.56815418431306	-0.644073709905779	0.940869410828151	4	TRUE
0.897218038415632	0.262174878909818	-1.56509931128546	1	FALSE
-0.525116168336101	0.330218444332088	-0.550574987274373	2	FALSE
-0.912119523728821	0.239345326304117	-0.363824852035737	2	FALSE
-0.249456279907304	0.540425127309767	1.18353438791807	4	TRUE
-0.648343339277488	1.10907919377742	-1.45950683802697	1	FALSE
0.5904246892354	0.825270756779621	0.752284275137442	4	TRUE
0.711189780146972	0.849634590660843	0.728937147027479	4	TRUE
-0.212409636755342	-1.10583165716317	-0.745139950310887	1	FALSE
-0.0136178241141437	0.312928030926855	-0.218776487667207	2	FALSE
1.03530578142533	-1.19564399739168	-1.03085358800746	1	FALSE
-0.487814062836157	0.535598539373919	-0.181601470139528	2	FALSE
-0.624813403048706	1.01613938240223	-0.80532332871724	1	FALSE
-0.694242520861381	-0.299117221175502	1.03013028330195	4	TRUE
-0.199310383837012	1.04730902736065	0.4709375283655	3	TRUE
-0.517735341971194	2.18664086072507	0.483149823154824	3	TRUE
-0.512006976385153	-0.661565327578398	0.973885794173242	4	TRUE
1.23671591162895	-0.22718419650001	-1.05303569473591	1	FALSE
0.826292232548995	-0.52141248971441	1.15820284314092	4	TRUE
0.0437064385185887	-0.0965614279929828	-0.0128623340484848	2	FALSE
-0.383295364290401	0.623937807513827	0.0408328710214556	3	TRUE
-0.123934633300075	-0.201361392139129	0.82880524965889	4	TRUE
-0.452349331498266	-1.32311923222575	0.0329158738387735	3	TRUE
-0.191097651202576	0.315263820221093	1.90938178831047	4	TRUE
0.682649872140852	-0.00348260598985573	0.116449972080799	3	TRUE
-1.40961645835535	0.379239420976607	1.62533689370949	4	TRUE
-0.488083309460314	0.235672560947634	-0.614602886202989	2	FALSE
-1.11859475583691	-1.1163110216166	-0.396488115732872	2	FALSE
-0.0686359651556466	0.294431675838577	-0.295689518096445	2	FALSE
-0.965895605768733	0.106938666390968	0.104924438881607	3	TRUE
0.908822696648747	1.76231996729382	-0.669815796200424	2	FALSE
-0.177090623484488	0.723474170129177	0.558153398503969	3	TRUE
-0.0817180781981853	1.07001093940671	-0.452078948533061	2	FALSE
0.196716955906717	3.02210127576198	-1.42344708366283	1	FALSE
1.0937785075178	-0.11356838564023	-0.633493521582694	2	FALSE
-1.38290827649393	1.48888085446756	0.609692533071696	3	TRUE
0.0152124067269848	0.487188635307354	0.369893086333406	3	TRUE
-0.536089766813997	1.05185813738294	-0.91668795561257	1	FALSE
-0.34353205751583	1.42528924609802	-1.13111257996845	1	FALSE
-0.468453699334024	-0.612099497081074	0.231105347797786	3	TRUE
-0.472394967607934	0.888452166584434	-0.2288318891367	2	FALSE
0.821507979670937	-1.7161562502535	-0.820427548659031	1	FALSE
-1.08509640910597	0.270053762762656	-0.00282407348393166	2	FALSE
0.0911194097560401	0.529504073390173	-0.101275339287432	2	FALSE
1.29929495826379	-1.26544852469211	-0.758876956743231	1	FALSE
-0.198718021211303	0.871345651073226	0.463664850248009	3	TRUE
0.659817950750173	0.69100813003988	0.0249680813454189	3	TRUE
0.608361837063123	-0.347849213329965	1.10760474859838	4	TRUE
0.592126678294925	-1.07009083631981	0.353337899304022	3	TRUE
0.525252868834354	-0.694805487621206	0.845084174220851	4	TRUE
-1.3685467133015	3.61040805519512	0.770207193321772	4	TRUE
-1.04615718003163	-0.0543115189917485	1.83131923537561	4	TRUE
0.677978739931757	1.19979269912683	0.816778943780488	4	TRUE
0.337214089834341	-0.55268462654503	-0.242130449620942	2	FALSE
-0.487095956820005	-0.16424020330837	-0.574523452079616	2	FALSE
1.38211706012358	-1.25676496587676	-0.8719570326745	1	FALSE
0.54357418602198	0.36174619178507	-0.989679132835708	1	FALSE
-0.375483829308197	0.960795299592052	-0.674784245663375	2	FALSE
0.0377014195876412	1.7085938053487	-0.0437642615058772	2	FALSE
0.874624554079926	0.0588628641267181	-0.514622841868401	2	FALSE
0.479716954684574	0.543963807917731	-0.644545116660822	2	FALSE
-0.577160250313841	-0.292464509500544	1.23972922222396	4	TRUE
-0.0220256120883455	-2.20815078075017	-1.27517443321976	1	FALSE
-0.327628662319394	-0.147086814440446	-0.983726252575875	1	FALSE
-0.384279761666184	-1.10682804749325	-0.836771899585553	1	FALSE
0.605451365436752	-2.05926188242248	-1.25607320346038	1	FALSE
-0.825481140129073	-0.332775460720233	1.11435979854899	4	TRUE
-0.325660960366356	0.458914922232934	0.376725169333952	3	TRUE
0.897548340722742	-0.430130963225323	0.0996878033428777	3	TRUE
0.207106583694529	-1.36085221229011	0.997991044621428	4	TRUE
0.387299376242759	-1.03513900283495	0.448384532528187	3	TRUE
0.383276394556797	-1.43215776261618	1.14184152974897	4	TRUE
1.09287115534159	1.0626580120005	0.518779323161686	3	TRUE
-0.299166710252843	-0.401311756779131	1.02383382762021	4	TRUE
0.882365091112496	0.605420364154513	-0.536791118951371	2	FALSE
-0.0936059322007855	0.376364916202691	0.601811120904841	3	TRUE
-0.114461611785934	0.0581119448820595	0.7112247127158	4	TRUE
1.49769745001566	0.544241448491972	1.36432179837215	4	TRUE
1.16341158755939	-0.806628846012216	-0.439996809496486	2	FALSE
0.717576851153676	0.271333987417822	-1.67355269304045	1	FALSE
-0.704930010064848	0.911518562772241	-0.646464534363374	2	FALSE
0.243780282144814	-0.106925371745691	-0.657432959978746	2	FALSE
-0.367078746620374	-1.16296002459605	-0.607101254517234	2	FALSE
-0.984562148514799	0.0862484417989929	0.22740939276706	3	TRUE
-0.16759604505348	-0.163992435539112	0.270973116258905	3	TRUE
0.717367890023869	0.995987560665101	0.782162236496004	4	TRUE
0.731711330562611	-0.356585074443541	1.41977441576713	4	TRUE
-0.898762137129909	2.48922109337077	-0.653148035445759	2	FALSE
0.509742467641081	-0.285024992970817	0.275146241676819	3	TRUE
-0.462820891200595	0.335743314836912	-1.27328678538581	1	FALSE
0.475301744326781	0.801304806054799	0.381700210829662	3	TRUE
0.367362170027718	-0.804793982694291	1.00817596491122	4	TRUE
-0.246002376259591	0.181926353375277	0.405544784719171	3	TRUE
-0.492964602953108	-0.436941297654885	0.946293593420714	4	TRUE
0.255299670606098	0.0556449471948153	1.23457415145424	4	TRUE
0.186942329491807	0.34522440389363	-0.394557130171469	2	FALSE
-0.371934283983697	-0.978854779767948	-0.508384489638896	2	FALSE
-1.10755873354481	-1.94091041646885	0.638907433085802	3	TRUE
0.109416773347084	0.611617463442167	0.0437782095406613	3	TRUE
0.0488010291296486	1.17408264658863	0.111274011552844	3	TRUE
0.537391228722899	0.392455386186086	-0.827897557623615	1	FALSE
-0.000412809766707434	-0.9615969866926	-1.26138026733322	1	FALSE
0.348635486010807	0.332604604552617	-0.641966802095274	2	FALSE
-0.0380478745096889	-0.98612083125584	-1.05885270228893	1	FALSE
-0.172379576970761	-1.37564167616113	0.779845178292956	4	TRUE
0.555598385842917	-0.542332395519007	0.196232829605118	3	TRUE
0.721543002288315	0.2640148925538	-0.549009619922769	2	FALSE
0.0519558270240714	1.09276575933246	0.346585098335364	3	TRUE
-2.29596551249993	-1.10904481469145	0.646071990646047	3	TRUE
-1.71989955181728	0.56832205167467	0.312296772387038	3	TRUE
-0.514170563573661	-0.816085710228563	-0.608238298571732	2	FALSE
-0.303935074693946	1.0973999740931	-0.501561778267072	2	FALSE
-1.55589339169818	-0.638260013397199	-1.26022563004135	1	FALSE
0.567327443928028	0.710591711140335	-0.520636691193306	2	FALSE
-0.1336547133593	1.66462771435739	-0.0261669437021926	2	FALSE
-0.611293194857995	-1.40017482758134	-0.560630819960648	2	FALSE
-0.189284799297091	-0.389929600632324	0.755402126771283	4	TRUE
0.250681084352493	0.815843007676186	1.0248077228149	4	TRUE
-1.58690325870762	-0.514423786482054	-1.42024507387901	1	FALSE
-0.747546538327071	-1.79988606669352	1.03546712045833	4	TRUE
0.501947330255293	0.865092402566247	1.29167459496115	4	TRUE
0.702051404693469	0.013119006112623	-0.108305901485631	2	FALSE
0.799775063561563	-2.69851631694536	-0.0360346752528298	2	FALSE
-0.776809803218677	-1.45257984321245	0.677734925037174	3	TRUE
1.25508595844858	1.80445443142661	-1.21866586135192	1	FALSE
0.611514982764072	-0.710477977541664	1.0198359713387	4	TRUE
0.55717633843462	0.466753936079221	-0.839954452576307	1	FALSE
0.348311047557267	-0.0401362152351555	0.914305511899745	4	TRUE
-0.21611482743398	-0.37835306959335	1.331773393691	4	TRUE
1.86429934083548	0.420973093647965	0.869181854823653	4	TRUE
-1.71214687218797	-0.121510978416145	-0.18797964423471	2	FALSE
-0.270725937502394	0.558620890214248	1.31040312037325	4	TRUE
-1.0124507530889	-0.737918993189122	-0.514818838818875	2	FALSE
0.22466213704788	0.220223805554478	-0.594347130004786	2	FALSE
0.281531174143492	-1.12599811814027	0.814651726954747	4	TRUE
0.137061616493428	-0.862278831645914	-0.446898391538365	2	FALSE
-2.11533560382381	0.198192442277678	-0.260760912184877	2	FALSE
0.555339552138796	0.927789479584892	1.02079732473631	4	TRUE
0.281121063124036	0.884439395037589	0.896328234921365	4	TRUE
-0.434393575382191	0.796422334302428	-0.339316641137696	2	FALSE
-0.910144783089265	-0.920432279986658	-0.179553284035272	2	FALSE
-0.3196889961223	-0.653616054127574	-0.067248602001987	2	FALSE
1.07104700434425	-1.35419594782172	-0.832731065738698	1	FALSE
-0.633461770230151	1.54598660696678	0.201778571960117	3	TRUE
-2.30049971379404	-1.26257819385248	0.816921127641109	4	TRUE
0.492042718272118	-1.57102709695573	1.08961629187922	4	TRUE
-0.425968489150628	-0.266160501566773	0.381312099026863	3	TRUE
-1.75315481961213	-0.152735683925285	-0.970989749292025	1	FALSE
-0.729521958511476	0.466139954018779	-1.47662388272493	1	FALSE
1.47480694098073	-0.326894130702615	-1.05828916067972	1	FALSE
0.589763020812936	-0.930575455510741	0.779580439644911	4	TRUE
0.738215034477384	0.00398814988812657	-0.132137762900786	2	FALSE
1.20850022314456	1.18152651849546	0.511594196627454	3	TRUE
1.39683215594909	1.18378829685082	0.140818709124191	3	TRUE
-0.32384271167439	0.399118956912103	0.94708613182853	4	TRUE
-0.119176028605176	-0.540531316776806	0.00743778740720217	3	TRUE
1.01271108992709	-0.595004651265931	-0.465538145563452	2	FALSE
0.289298273345304	-0.423804407191518	-1.07524566062434	1	FALSE
0.0499870567569474	-0.435446298088827	-0.589008746909289	2	FALSE
1.52595114481273	0.167351913728276	0.628178609113636	3	TRUE
-0.306682548424534	0.152560981811973	-0.49386392474841	2	FALSE
1.15174308269075	0.14071026585872	-0.598591739741257	2	FALSE
0.139766766762805	-0.058332170324828	-0.898355059554472	1	FALSE
0.630347221120098	-0.484373414461158	1.17983601351759	4	TRUE
-1.53971367596803	0.694307454983612	0.647007372709596	3	TRUE
0.0683439039557495	-0.760728186123346	-1.19710664757001	1	FALSE
1.30152415339059	-0.51835040903298	-0.969575006100505	1	FALSE
-0.455112675809289	0.563556724653406	-0.360764289448768	2	FALSE
-0.565435650646864	1.08734432790458	-1.56196296809255	1	FALSE
0.397013985740591	-0.120657150037716	0.943345592392736	4	TRUE
0.237518927010392	0.206981518148134	-0.505455937567765	2	FALSE
-1.41619335847493	-0.00301410678367597	0.800320242915091	4	TRUE
-0.890343008940379	-0.0917333607089562	0.437494881667664	3	TRUE
0.889051681527997	-1.35793145848749	0.183212033301012	3	TRUE
0.364416243731052	-2.05023220317941	-0.862377766499342	1	FALSE
-0.31024471015871	-0.825353102333674	-0.521251233771531	2	FALSE
-0.74306267909686	0.466973048609116	-1.85471269400771	1	FALSE
0.028527857265654	0.129722347891966	-0.864155318798838	1	FALSE
1.04039105096874	0.00776164976407545	-1.40598368042695	1	FALSE
0.818385351316239	0.275879538572697	-0.709898697219811	1	FALSE
-1.55420363303057	0.370963498536998	0.981285379217362	4	TRUE
1.9837199849172	0.209717409905561	0.916062215206732	4	TRUE
-0.945105785484089	-0.837505359481822	-1.52770794543511	1	FALSE
-0.373644072271983	-0.745780554611544	-0.894570381945469	1	FALSE
-1.08310687306816	-1.33308571747862	-0.223932382942583	2	FALSE
0.146569702420375	-1.87490653236146	-0.366287537595434	2	FALSE
0.0560505922235426	0.648120824283507	1.24276070485715	4	TRUE
0.334826400202223	0.121688516955908	-0.0832112207370259	2	FALSE
-0.770713460123291	3.14178422900384	-0.676661829077123	2	FALSE
0.972481819178873	1.46876728336818	-0.490685707394952	2	FALSE
-0.227996302501418	-0.650313724442584	-0.707392162834244	1	FALSE
0.282143715089767	-0.947073741307902	0.247793594471831	3	TRUE
-0.809440246938538	-0.722233926987562	-0.232580066160342	2	FALSE
-0.671223795953872	0.166371806351697	-0.918165720571473	1	FALSE
1.1896004863822	1.23715284652452	0.0583073349653168	3	TRUE
0.438401786693718	1.76023892070111	-0.986403106090536	1	FALSE
1.10165938595609	1.11467831805197	2.07388022016092	4	TRUE
-0.165546586663769	0.368807286933458	0.760930981764831	4	TRUE
0.460460874245331	-0.157947799721668	1.59911294708852	4	TRUE
-0.89490489969541	0.33493305325427	-0.355367018417332	2	FALSE
-0.879109480614318	0.272802750712637	-0.593959265290895	2	FALSE
0.499085492990242	-1.33188480077357	1.03698264323134	4	TRUE
0.723850852507646	-0.747962399606514	1.23830377380233	4	TRUE
1.13770805799404	-1.02382766546998	-0.141874462311523	2	FALSE
0.721830259465422	-1.4071817642832	-0.122598540877119	2	FALSE
1.77655042625841	-0.0343125975768798	0.201843293153028	3	TRUE
-1.03951494956326	-1.43226959685664	0.963718834554362	4	TRUE
-1.89673290394934	0.118245250292052	-1.44898381543981	1	FALSE
-1.03231085483697	-1.11182006050609	-1.04478020037299	1	FALSE
-0.568035977527283	0.280922627020381	-1.32888573921951	1	FALSE
-0.748005385005489	0.0865507687267561	-0.373334231574195	2	FALSE
-0.519774594572988	0.0693969209638958	-1.49980396322244	1	FALSE
-0.0983367145043965	-0.976589869508398	-0.969003521836562	1	FALSE
-0.457354592597186	0.448136259645921	0.121281792920951	3	TRUE
-0.0818355460192391	-0.171403500885967	0.426563368630218	3	TRUE
0.625438848747327	0.893506374663923	0.500900102919154	3	TRUE
0.401425632177338	-0.400348968074603	-0.138680460955502	2	FALSE
0.48877302664068	1.71303580682261	-0.236523446550987	2	FALSE
0.308060131968529	-0.147950726471172	-1.13975728186527	1	FALSE
-1.67851722026763	1.32308563952855	-0.287752651982998	2	FALSE
-0.228021210656383	-0.937575155210505	-1.40942080681478	1	FALSE
-2.19482663753221	-0.294379845775011	-0.366231290921317	2	FALSE
0.458388146463829	0.697254234310827	0.646161530262077	3	TRUE
-0.213569199433542	-0.313089853332009	0.914085678269199	4	TRUE
-0.244569544064394	-0.0601574452279681	-0.732200706776392	1	FALSE
0.226938000358668	0.112213767495705	0.480815716502014	3	TRUE
1.47559257666699	1.05278109381059	0.628835376056332	3	TRUE
-0.33063398196322	1.69729555401082	-0.823996629320398	1	FALSE
-0.399763466716131	0.576115580421076	0.462989022790734	3	TRUE
-0.0642780843690081	-0.026820106758708	-1.13834711304556	1	FALSE
-0.233734637866721	0.927256140678269	-0.387826945132651	2	FALSE
1.05579992851094	-3.0678315466833	-0.0430916109284621	2	FALSE
0.164708285085087	-1.09312225466622	-0.101939483223803	2	FALSE
0.547807822533233	-0.55353524538799	0.598017471166043	3	TRUE
-0.873211581964085	0.673983600192659	-0.607897183415268	2	FALSE
-0.301410426771092	0.252566350130787	1.16954908271384	4	TRUE
0.481065249146643	0.897195247725607	0.884586645122812	4	TRUE
0.732321505508301	0.440735366987176	-1.18091793414096	1	FALSE
0.775205970070964	1.69892884393431	-0.367147431859173	2	FALSE
0.167745908339129	-1.09235177086623	-0.0201131813328321	2	FALSE
-1.54280906172052	0.416393607738255	0.344828813513754	3	TRUE
0.527607892107408	-0.351685513595235	0.787110190899337	4	TRUE
-0.085753134217082	-0.251260090975138	1.77898567469206	4	TRUE
-0.957402475717201	0.308662153714229	0.326770273029487	3	TRUE
-0.0214507230721681	-0.511300942787831	-0.617981381571352	2	FALSE
0.50963207372454	-0.255875582786175	0.839072816678855	4	TRUE
-0.880768298810656	0.595250015008723	-0.884086211456289	1	FALSE
-0.349688174004312	0.274274216514822	0.395763821938631	3	TRUE
0.61266196519977	-1.20450729595316	0.63670216053498	3	TRUE
0.564399098397718	0.123826403431462	-0.0504210853096481	2	FALSE
0.838582983161769	-0.624877833705725	1.24540895509383	4	TRUE
0.73470914139543	1.21025951151221	0.442255932015595	3	TRUE
-0.193723307834484	-0.919994479084721	-0.593685157743753	2	FALSE
-1.68577135850829	-0.329307299702381	-0.667513422272116	2	FALSE
0.494205620530835	-1.61512229988404	-0.146294729038316	2	FALSE
-2.5674630377101	0.332588333668572	-0.0262644200491877	2	FALSE
0.278719676542959	0.0602776480881187	0.6476431661369	3	TRUE
-0.0570747639440285	0.499704782545125	0.461382932111641	3	TRUE
1.16865029516541	-0.22156365956291	-0.616671160721714	2	FALSE
-0.354500497608459	-0.631404628323064	0.931091692521653	4	TRUE
-0.646073933447113	-0.267545844979362	0.60303204791615	3	TRUE
1.781603731578	0.339701774229889	0.851164648861708	4	TRUE
-1.3274636920938	0.105887232454276	1.08856089784594	4	TRUE
0.326547247797777	0.796642686567823	0.869181102345949	4	TRUE
1.63103922331025	0.771353349674916	0.232332416525329	3	TRUE
0.661772131113987	1.20944276229364	0.800272778667846	4	TRUE
-0.467870220511811	-0.566671273725003	1.069961232866	4	TRUE
0.7221471791291	0.329463806305904	-1.21610634038777	1	FALSE
2.26759491681136	-0.364609720854161	1.02801580305474	4	TRUE
0.603550387366629	-0.0754265910929445	1.13901126576315	4	TRUE
2.21454575774742	2.42091654003138	0.0209250951285311	3	TRUE
-0.0725560460228015	0.835232901752027	0.20023860175509	3	TRUE
0.274371306669089	0.323697517335186	-0.505329763512547	2	FALSE
-1.09014900880301	-0.186689703311784	1.13283279307639	4	TRUE
-0.578714424424342	-0.395313517263915	1.55818397687287	4	TRUE
-0.0427546342400632	-0.373998663232004	0.569281946955372	3	TRUE
-0.557304298896186	-0.0157965935104536	-0.696320270817822	2	FALSE
-0.255741571179706	-0.2747756998431	0.318915606297912	3	TRUE
1.05396638497115	0.411063682613962	-0.985984266178173	1	FALSE
-0.351612205581595	-0.0274196667426577	-0.779603389923403	1	FALSE
0.344329805653939	-0.0380881837261747	1.20571479760637	4	TRUE
0.984015436737311	0.657399804562463	0.132024157450785	3	TRUE
-0.570022343416039	1.3111835246198	-1.07613282835338	1	FALSE
-0.214919222314863	-0.835450761393869	-0.641699760585143	2	FALSE
-0.338487740391509	1.2903198751738	-1.59969813912052	1	FALSE
0.575066209059897	0.658325107160764	-0.21454035485997	2	FALSE
0.844362276790722	0.924955787739191	0.717657353626176	4	TRUE
-0.504194441010928	0.234723871691123	-0.136047966609091	2	FALSE
-0.585511168431996	0.756435712910817	-1.7499712392659	1	FALSE
0.13233870935725	0.138441662244908	-0.11422551321754	2	FALSE
-0.744449051783027	-0.475914010052413	1.44034637347211	4	TRUE
0.773085562333751	-1.76820863888506	-0.163201251966556	2	FALSE
0.0168686208789012	0.520336075455134	0.540553655967306	3	TRUE
0.255819867195779	0.486753906953949	-1.05478525226482	1	FALSE
0.226062132819323	-0.164626471989082	-1.39656711226981	1	FALSE
0.721003836186727	1.04540306997903	0.315016208299103	3	TRUE
-0.638667293603892	-0.466427185513511	0.277655359359131	3	TRUE
1.60763719186597	2.05734179273323	1.2521748113548	4	TRUE
1.24236366029497	0.86296447265817	0.901085870191806	4	TRUE
-0.539647619057559	0.335996299795529	-0.797214175185745	1	FALSE
-0.155437508581597	-1.55327347728066	0.422457802344342	3	TRUE
0.344194582343792	0.69875292751565	0.342703790692364	3	TRUE
-0.315949781222464	0.314991978090233	-0.0590925639075668	2	FALSE
-0.419076008347416	1.46419529353461	-0.944955618439682	1	FALSE
-0.0429803076551719	-0.281226244798086	0.555680092272584	3	TRUE
0.440540291634591	0.515233999037813	-0.916603686183612	1	FALSE
-0.44376172742429	-0.419047409098183	0.684669907695757	3	TRUE
-1.4332643936719	0.452993954379721	1.36736676625823	4	TRUE
-0.281743006334034	-0.339313172148035	1.388164068615	4	TRUE
-0.889993804844715	-1.55821673721116	1.02718922585406	4	TRUE
-0.534708825354313	-0.309671159947934	1.00433119231413	4	TRUE
-0.317151958772735	0.71715785283438	0.133727306291594	3	TRUE
0.574794450219687	-0.322879398221599	1.50910220364965	4	TRUE
-0.673356721459845	0.275458943751213	-0.74922979527531	1	FALSE
-0.272680386213127	-1.21926846578045	-0.532875278076755	2	FALSE
-0.475237630459065	0.778347325638221	-0.466845645681367	2	FALSE
0.406745554675405	-0.357710561340193	0.268534735926564	3	TRUE
-0.291406531460127	0.686824436593694	-0.110908751958291	2	FALSE
-0.00723633986826811	-1.39350912501113	1.34979713268759	4	TRUE
-1.84066674272911	0.81987236136865	-0.123549657765367	2	FALSE
2.14249459554593	0.889807412782141	-0.584283316164736	2	FALSE
-0.326901719911234	0.00240029479194437	-1.02654782399015	1	FALSE
0.101393384285238	-0.0233699441552575	0.106341830346266	3	TRUE
0.643134433060664	0.0275741699052736	0.0815612301246772	3	TRUE
-0.238376314606273	0.542353601647171	0.815185290122825	4	TRUE
0.967276625690603	1.54282913295515	-1.17369878849252	1	FALSE
-0.475735636866757	-0.258514341746097	1.18619303606032	4	TRUE
0.486831586931233	0.393790127464922	-1.37674469015908	1	FALSE
0.341495711046154	0.375961899181187	-1.05590029030607	1	FALSE
1.58338493786515	-0.27130903736236	-1.04961242454568	1	FALSE
-0.964045241275647	1.10282102289862	-0.202654951506875	2	FALSE
-0.621168024426051	-0.387602825613784	0.29223330543815	3	TRUE
0.778547393922004	0.745571237173271	0.21248781255242	3	TRUE
1.50583789095026	0.129486971347263	-0.598783136328752	2	FALSE
-0.672518800662083	-0.519175377334622	0.456922854668057	3	TRUE
-0.84692080728501	0.449747376344327	-0.727073337826175	1	FALSE
1.55735678437147	1.2619924701618	-0.0708745614888857	2	FALSE
0.401609212197278	-0.841337020366662	0.829999491768105	4	TRUE
-0.143489715609873	0.238581589232173	1.03165247833151	4	TRUE
-1.13391662109541	2.62040234941191	-1.14362581672117	1	FALSE
-0.683818769586137	1.42928431762076	0.336426544574018	3	TRUE
-0.626156528361108	-0.894425566603734	-1.03912418367613	1	FALSE
-0.217379356838598	2.04773644799092	0.869179272574012	4	TRUE
-0.101484252745628	-0.119495643642011	0.0933893239350007	3	TRUE
0.00522933625492383	1.12749219481521	-0.73082417087012	1	FALSE
0.789526593275592	-0.689984559125132	0.784684635418252	4	TRUE
0.403579850836422	0.331060213066273	-1.2287032577181	1	FALSE
-1.99015846252163	0.244978248653313	-0.924044014545982	1	FALSE
0.783740642166235	-1.35960448772802	-0.105577935292731	2	FALSE
-0.496369902738313	-0.40722095027332	0.587599164881291	3	TRUE
-0.507610169892878	1.4216165837406	-0.479422960953652	2	FALSE
-1.0143897444186	-0.365677933261194	1.47329246438663	4	TRUE
-0.0530466542900945	-0.406896874785237	0.0705675167888559	3	TRUE
-0.319983316711995	-0.775571280546346	0.0873740148333749	3	TRUE
0.896314890329542	0.194534148183281	-1.68446013433886	1	FALSE
-0.0333648175751577	-1.06410916686317	-0.693679463565697	2	FALSE
-1.16581654560077	-1.93616968083289	0.0162968370357999	3	TRUE
-0.0744740294702017	-0.132930496717867	0.978201360325684	4	TRUE
-0.576516658146283	-0.401957133754336	1.00223113384199	4	TRUE
0.59467869283167	1.51484782965864	-0.926132608154151	1	FALSE
-1.43506100718193	0.696336639894871	1.2668189046044	4	TRUE
0.0958603707574154	-1.15324138653493	0.263070688254716	3	TRUE
0.215861212280152	-0.56951615269439	-0.886017471585951	1	FALSE
1.94590000587237	1.27946791308768	-0.602026200684114	2	FALSE
-0.765699236191292	0.45086293511986	-0.892497049424865	1	FALSE
1.50696320775676	1.46739847143559	-1.42828878689568	1	FALSE
0.175809684443861	-1.68261087439256	0.909190914908157	4	TRUE
0.344556520371454	0.774023785638745	0.124904958550559	3	TRUE
-1.84871445834218	0.0633088655682952	-0.368476869111494	2	FALSE
0.179655351394097	0.935635347137449	1.15741962107634	4	TRUE
0.356451990870756	-0.633843660334398	-0.406118686598899	2	FALSE
-0.505492668934194	0.639587172080144	-0.960474150166593	1	FALSE
-0.822743929732263	-0.621744145698323	-0.308512928420166	2	FALSE
1.53976225881881	-1.06609302272656	-0.196169248137572	2	FALSE
-0.177464520789955	0.226792320615945	0.840073537487141	4	TRUE
0.410449984266435	-0.329653542304981	0.178668849555696	3	TRUE
-0.0437696213528796	-0.726356746815252	-0.635587144411621	2	FALSE
0.935180406325905	-0.340815061933896	0.0985243506707523	3	TRUE
-1.60675843735309	0.357337420684023	0.537414592819181	3	TRUE
1.10418717187589	1.02735386586286	0.771325593085744	4	TRUE
-1.02898383209156	0.263757238252082	0.104387793657731	3	TRUE
-1.62639408958741	-0.393548977750414	-1.30460537230682	1	FALSE
-1.60726139556484	0.708901660803435	0.547732818095023	3	TRUE
-0.209230738826604	0.105557797575512	0.244498036498224	3	TRUE
-0.493189648138732	0.578721060610967	-0.490935031537183	2	FALSE
1.74915420616115	-0.253617697882153	-0.0185968118249695	2	FALSE
0.0531319322247526	-0.590042205958959	-0.806149850914546	1	FALSE
1.00016861138871	-1.13350627990568	-0.779308143822886	1	FALSE
-0.380638723358287	1.90881253280251	0.651087642942378	3	TRUE
-0.390971913244033	0.0310865030074478	-0.651276603753206	2	FALSE
-0.0670095872867045	0.00321875458040328	-1.07516746542249	1	FALSE
-0.623607887949879	-0.743627734430835	0.178429755145844	3	TRUE
-1.41014433214458	0.978357383695954	1.38396391629115	4	TRUE
0.554938308392553	-0.830773750556519	0.88890563747499	4	TRUE
-0.587789831075513	-0.943670311530463	-1.39647836256191	1	FALSE
2.38101277967084	1.9033545566644	0.108025171811457	3	TRUE
-0.731285914792575	1.87488310799712	1.2763499513639	4	TRUE
-1.7198301303284	0.557690445636346	-0.300982410682563	2	FALSE
0.227666391176759	-0.998363338996861	-0.130206076193506	2	FALSE
-0.372582769244818	0.487987595891995	0.114851669079548	3	TRUE
-1.27722757916863	-0.60522478634626	-0.219681056018737	2	FALSE
-0.716198424055655	-0.490128270062276	1.3100256141914	4	TRUE
-0.205422512719816	0.0296628732969645	-0.61485839501111	2	FALSE
-0.0777280667493664	-0.947729137684306	-1.77167173968473	1	FALSE
0.616690561362621	-1.0662837308104	1.63784828739026	4	TRUE
0.173375953071807	-0.713640436446762	-0.435186555889498	2	FALSE
-2.63793757763723	-1.78035416536112	-0.143576549032675	2	FALSE
-0.0692944739522383	-0.319677568235343	0.981535349737278	4	TRUE
0.9364477621496	1.01025211611532	1.29445708192493	4	TRUE
0.392034035889955	0.867618564891659	0.503824331014344	3	TRUE
-0.607341353741833	0.942668628966865	-0.991644820580878	1	FALSE
0.729599156675068	0.0680130375875017	-0.519523593861783	2	FALSE
0.305526013188132	-0.0473461347577558	1.05142521349415	4	TRUE
0.155150349891631	1.57510636517452	-0.622570321391974	2	FALSE
-0.947292359779311	0.0591267707469593	1.02540486922053	4	TRUE
-0.0226616979324267	-0.131251779909152	1.03197562193653	4	TRUE
-0.19473135703497	0.106602183587111	0.616891820633521	3	TRUE
0.179701509765407	1.28486923331868	0.433220717322563	3	TRUE
0.416625903393296	-0.168936202677018	-0.143459402656174	2	FALSE
0.726659352649764	0.359997136080738	-1.12027354579343	1	FALSE
0.468909086391061	-0.727913177373432	0.893217527486551	4	TRUE
1.03464791386069	1.08917610339699	0.570615469818993	3	TRUE
0.232129415098319	-1.16578819106262	0.61821358422677	3	TRUE
-0.704954416205536	-0.411718728628067	0.859750338426231	4	TRUE
-0.263507292584835	1.06309714434181	-0.38804666733842	2	FALSE
-0.220576471832923	-0.277461336476573	1.30100198119383	4	TRUE
-0.432685907440642	-1.15176845432774	-1.05837796421845	1	FALSE
0.310732979218789	1.53121563071074	-1.1065499959225	1	FALSE
0.442775365088326	-0.70146889771787	0.769306103345415	4	TRUE
0.315671289121953	-0.614439694357533	-0.359687467302281	2	FALSE
-2.15158232410845	0.143844736980224	-0.449371617357597	2	FALSE
-0.449478282681153	0.781543133765743	-0.0917867139486942	2	FALSE
0.278928840422642	-0.254344898167083	-0.690073788235105	2	FALSE
-0.221527539493749	0.775461664468085	0.806892616326656	4	TRUE
0.141362324551547	-0.574470005541257	-0.930424078665714	1	FALSE
0.0234351310578333	-0.886177345307476	-1.15842869347104	1	FALSE
0.632441357643013	-0.52217413948027	1.87300669608938	4	TRUE
-1.1912962319182	1.79533605941473	-0.220985145921068	2	FALSE
0.0742797018714653	0.282752355171218	-1.38392473905911	1	FALSE
-0.607936627823099	1.72738007995591	0.771162962794334	4	TRUE
-0.3134543944223	0.873924228712699	0.142196381781447	3	TRUE
0.020082299720306	0.753873571759511	0.669487661070243	3	TRUE
0.620038114950592	2.18072607992314	0.478965997407758	3	TRUE
-1.65113477373697	-0.794719058873277	-1.02791609868475	1	FALSE
-1.15730497499393	0.290329981574689	0.133701414565691	3	TRUE
1.04434117352681	0.704161957867605	0.350058114959275	3	TRUE
-0.290888019081215	-1.23339427857109	-0.884499133819196	1	FALSE
0.47921469260089	-0.353466491576164	0.458084409964913	3	TRUE
-0.583538173895739	-0.567543296098754	-0.0239643808890828	2	FALSE
-0.042515594527619	1.07684902667846	0.107995405588578	3	TRUE
0.825823820783768	-1.07163305819085	0.519155572207947	3	TRUE
-0.0963646898550473	-0.333415137368443	0.607169355293611	3	TRUE
-0.522535725849035	1.36012752982094	-1.12999653625356	1	FALSE
-0.506872299758292	-1.39406392095315	0.230173222550553	3	TRUE
-0.43617578109307	0.386331765928842	-0.744129903854655	1	FALSE
-0.597754700154794	-0.559003130205395	0.604016993690426	3	TRUE
-0.798511217987133	-0.858244756383752	-1.27635261643463	1	FALSE
-2.37503291677751	-0.256014657619883	0.212581121033782	3	TRUE
-0.111375669298964	1.88739281195475	-0.150143981632481	2	FALSE
0.275208239547535	-0.133091751151514	-0.374072488334101	2	FALSE
0.752829666646815	-0.25149337994574	1.18549912489386	4	TRUE
-0.275285559051505	0.544138748763007	0.585516608531876	3	TRUE
-0.970334667677335	-0.151270136667698	0.268184232224808	3	TRUE
-0.129127834035765	0.92324415050664	0.500726744585602	3	TRUE
-0.539940734884519	1.06061593641208	-1.06826262712827	1	FALSE
-1.18830410608232	-1.58886531554549	1.04748934353568	4	TRUE
-0.432839663758148	-0.793716154557887	-0.837298857557287	1	FALSE
-0.991851744917179	-1.0121222311793	-1.61364053755703	1	FALSE
-0.225682202740333	1.06513284121782	0.0266000941670796	3	TRUE
0.50091577851974	-0.0932440397166132	0.724247099793181	4	TRUE
0.821480556204132	0.316519783566544	-0.80515732008999	1	FALSE
0.108965800650178	0.711521724655238	0.641870955242393	3	TRUE
-1.27213122758519	-0.345638059295423	0.519539982303358	3	TRUE
-0.505303871069768	-0.538712357160746	0.751887818132176	4	TRUE
-0.483351693907434	0.117140603501314	-0.786578224062117	1	FALSE
0.828400335961728	-0.512104226372551	0.977424837000823	4	TRUE
0.690792542584576	-0.599280201425154	1.4300683262032	4	TRUE
0.744782231069322	0.958498023040656	0.813925031612419	4	TRUE
0.163875604061635	0.161933374437052	-0.101148255848175	2	FALSE
-1.04867788346557	-0.249874776923428	0.37522827523995	3	TRUE
-0.513191036848527	-0.254063914690165	0.166087631673368	3	TRUE
0.519364438712623	0.164274479524277	0.244290578782791	3	TRUE
0.623660154319297	0.0540060830546207	0.853428663625454	4	TRUE
-0.516669629606939	1.45814938743589	-0.868815072052688	1	FALSE
-0.405884335689744	0.794337815660548	-0.322791817662487	2	FALSE
-0.895711299907151	0.565205268608615	-0.520419139054505	2	FALSE
1.35465584313778	-1.44857016039345	-0.138290297760418	2	FALSE
1.03760565585042	0.306124626260804	-0.52400988970342	2	FALSE
-0.879026276226753	1.04600375342655	-0.000351971413339702	2	FALSE
0.964405040043745	-0.2532122509366	0.0577167195178321	3	TRUE
-1.33631931952555	-0.19325327049231	0.330574504190436	3	TRUE
-0.258355895938237	0.426489721291561	0.452078752503552	3	TRUE
0.411810264189002	-0.762361471317206	-0.223575351016355	2	FALSE
1.31636870838814	0.459585542731992	0.47538958085215	3	TRUE
-0.660957834512842	-0.722835420908428	-0.136078919432131	2	FALSE
2.46160037969147	-1.26512926831816	-0.0259936050461279	2	FALSE
0.843336832111062	0.129292815557554	-0.652467101849981	2	FALSE
-0.306967490269553	0.569445784339638	1.1788934738517	4	TRUE
-0.781966898957142	-1.26727613532067	0.0328325923241243	3	TRUE
1.26670641940377	-0.274072329353395	-0.773226360894098	1	FALSE
0.420555611537073	1.93980271941022	-0.430046393677257	2	FALSE
-0.311764251601675	-0.0601221395672267	-0.837052223011371	1	FALSE
-0.559577052827746	-0.185527974922496	-0.304838997413541	2	FALSE
-0.253411409421753	0.430134969065405	-0.0326368254617249	2	FALSE
-0.853556825496008	-0.059070875374465	0.704329798599421	4	TRUE
1.6212472052413	0.200133852860643	0.432067565460145	3	TRUE
-0.529593033374887	0.033714451642995	-0.983444419365406	1	FALSE
1.18834009379122	0.717496621179643	0.273580234977528	3	TRUE
-0.920416147044089	-0.211077163523494	1.86253057053402	4	TRUE
0.55112528069788	2.37673954504137	1.93510642785699	4	TRUE
0.0564840880038124	1.04048460861161	0.350012747810279	3	TRUE
-0.232749602935719	-0.703242767024714	-0.942559349167517	1	FALSE
-0.317885796018554	0.163354399053149	0.0786853464096758	3	TRUE
-0.0305685069536098	1.43471432276045	-1.1695830832747	1	FALSE
0.167728873136221	0.21236591406857	-0.630583442784688	2	FALSE
2.07545140788875	-1.45006756697216	0.963095472502467	4	TRUE
0.46439428764748	0.116442949000788	1.0342500487332	4	TRUE
0.420826355268031	-0.142963119881758	0.772135947512608	4	TRUE
0.469049949114688	-0.0762122608426755	1.04783441940983	4	TRUE
0.0230542720473607	1.11305591796174	-0.31709143963602	2	FALSE
1.04852523928595	0.968302103508673	1.04581064841854	4	TRUE
1.44000614994111	-2.17578921135706	0.884260524515511	4	TRUE
-0.131361252356026	-0.401917205484874	1.06107013040605	4	TRUE
-2.07551010934935	0.616419401604686	-0.864157123201478	1	FALSE
0.639171194460137	1.62284195867406	-0.99872261940387	1	FALSE
-0.31485397699962	-0.690606822047317	0.287715969816436	3	TRUE
-0.430349749444575	1.01158652303979	-0.46270067667678	2	FALSE
-0.490835807894414	0.604438079068191	-1.3751504796239	1	FALSE
-0.692415296285775	-0.205556063042187	1.04281469719594	4	TRUE
-1.26769019758324	0.204287767219346	0.818997630425282	4	TRUE
0.112147284409835	0.0370676620708939	0.840083449729231	4	TRUE
1.00379480302365	-0.111391661194829	-0.725635468326407	1	FALSE
1.75906767305651	-1.64726485725701	0.753087321511937	4	TRUE
-0.971186225028006	0.0343055318376648	1.42592165033466	4	TRUE
-0.773404536618997	0.851259506164564	-1.17449246066646	1	FALSE
-0.879647122101676	-0.051085401349065	0.315680615472311	3	TRUE
0.691854687363427	-0.252739333218962	1.21684509750222	4	TRUE
-0.221035164721399	-1.43425975716638	0.691889383194728	3	TRUE
0.193865888455427	-1.06462876203429	-0.234081284260522	2	FALSE
-0.881532312400988	-0.27260113854363	1.21383510379884	4	TRUE
0.0738809828085349	0.265921274873186	-1.05762982026022	1	FALSE
-0.618850266064701	0.0790362899004459	-0.500705947175226	2	FALSE
0.951872081550044	1.0900573577314	0.729626146627878	4	TRUE
1.08339844642445	0.342647957464385	-0.858059005151606	1	FALSE
0.0756247894657838	-0.51531218858898	-0.149768513548765	2	FALSE
0.00179085515680948	0.0450403226084888	-0.702359988321951	1	FALSE
-0.0105550304183362	0.295161660329563	-0.493269287091896	2	FALSE
0.253839057358898	-0.440530392533897	-1.00258254851557	1	FALSE
-0.132633295276844	-0.736956855935279	-0.520511476644472	2	FALSE
-0.302534485124856	0.336033039326203	1.0506768941166	4	TRUE
-0.21506923241711	0.327129017249332	0.988365581477785	4	TRUE
-1.38243026843375	-0.193509422231308	-0.0379173874014254	2	FALSE
-1.08081491525038	-0.122463984751588	1.28587811368515	4	TRUE
-0.105460051641272	-0.811439217020542	-0.590051761481937	2	FALSE
-0.692649905606888	0.327876538859964	-0.757339704744197	1	FALSE
0.956030600031013	0.94242878333177	1.02612860789516	4	TRUE
1.06670332079733	-0.538995424590296	-0.805010565088075	1	FALSE
-0.0272681273258495	-0.186339293556763	0.906161425223939	4	TRUE
-0.0825668676451959	-0.938823387678695	-0.460975692956818	2	FALSE
-0.577650625850739	0.152947412828887	-1.18038418052318	1	FALSE
0.245416893623158	0.0205180477200719	0.927288413372843	4	TRUE
0.815352790796239	-0.197103436961338	-0.179811435156746	2	FALSE
0.550691702509072	0.629914805750371	-0.417912150193642	2	FALSE
-2.18965808028713	0.00922025297924733	-0.214330649630349	2	FALSE
0.723509922425253	-0.713279247946612	0.673067908439449	3	TRUE
-0.0738946302264751	-0.368414753280472	0.759311095391014	4	TRUE
0.865708399951317	0.192945788264935	-1.28610314654311	1	FALSE
-0.479948915429855	0.509121980462554	-0.00450311015995392	2	FALSE
-1.15994405887899	-0.649908304973388	-0.565121973584635	2	FALSE
0.00787437502042876	1.01295880229452	0.986193270882379	4	TRUE
0.441291494994113	0.784453693380222	0.663428220121722	3	TRUE
0.560631868424564	0.185255613327776	0.0765055260326416	3	TRUE
-0.339432408802886	-0.244870574570756	0.162237710376429	3	TRUE
-1.047228535958	-0.93211934851393	-0.640987890497932	2	FALSE
-0.889911752595184	-0.0734286710663597	0.854596726756067	4	TRUE
-0.645445015895046	-0.1344810605687	-0.683215703414738	2	FALSE
-0.323630918331768	1.08905825965362	-0.960873522875792	1	FALSE
-1.20008365947493	-0.838663974178354	-0.985544843921299	1	FALSE
0.591954815598388	0.869134130215518	1.12409695938006	4	TRUE
0.450320608162996	-1.30315867910027	1.59400429257535	4	TRUE
-0.407559312109429	0.373867043248406	0.50727178099991	3	TRUE
-0.58534256292399	0.344174358217457	-0.523628334513982	2	FALSE
0.471087559275188	-0.291845561491872	0.34299443979637	3	TRUE
0.303218787376079	0.112243566247961	1.0296966641324	4	TRUE
1.0918128238761	-1.89488290993417	-0.491136045584992	2	FALSE
-0.259172191451995	-0.791639417024574	-0.688947875032269	2	FALSE
-0.406865008118689	0.981893006910607	-0.737422404680661	1	FALSE
-1.22942089479496	0.725386584234587	0.270450851246333	3	TRUE
-0.00450378194064849	1.60222119407953	-1.08288902356423	1	FALSE
1.10120325414277	-0.796458572994708	-0.870206619655827	1	FALSE
1.80969554822864	-0.18791564583309	0.547015123592343	3	TRUE
-0.806491703234034	-0.107723810761441	0.748658330995473	4	TRUE
0.657367954895067	0.290113355965472	-1.64550067610641	1	FALSE
-0.865366058433027	-0.137785269980433	0.513407629683221	3	TRUE
1.09014140579036	-0.180420799269926	-0.427077753162886	2	FALSE
-0.348487011989076	-0.769281173168228	-0.03137237785226	2	FALSE
-1.45418393030908	1.49327279351963	0.224536060891543	3	TRUE
1.02980176448642	0.109850103682433	-0.697008578433954	2	FALSE
0.552286790326453	-0.224392530829138	1.40424934790307	4	TRUE
1.02342000920808	-1.12252705129808	-0.601946947874756	2	FALSE
0.556244623483944	2.54262872235358	1.15110266727119	4	TRUE
-1.45802001175233	-1.180130322703	-0.16432856501798	2	FALSE
-0.220640092002613	-1.70864357940989	1.38479981184355	4	TRUE
-0.983587620462767	-1.22697473055557	-0.716362224138376	1	FALSE
0.922533470100344	2.00582485501462	-0.215384710179134	2	FALSE
2.19580588849002	1.67135465589785	0.733142646689282	4	TRUE
0.406833084428493	0.651839919581703	-0.392918559965559	2	FALSE
1.13018130570073	0.053264317576984	-1.23036922537287	1	FALSE
-0.355399366367525	0.328822300077639	-0.162381951904776	2	FALSE
-0.424870101010655	0.423107083452119	-0.00477592782044701	2	FALSE
-0.399670243298239	0.471047281797607	0.226354239468562	3	TRUE
0.95553429574302	0.485983574310047	-0.619028963147493	2	FALSE
0.629731536398642	0.749597449801156	-0.264391079910999	2	FALSE
1.12532295920539	0.429232205155645	-0.661617167207502	2	FALSE
-0.73229686178306	0.0587111529335925	-0.493016762390893	2	FALSE
1.65314250453306	-0.458137007699297	-0.506951448610168	2	FALSE
0.629279923804449	0.0772012635170515	0.270204898445393	3	TRUE
-1.58845610055309	0.451383243064551	-0.218174538303142	2	FALSE
1.18949168303343	-0.573486594471609	-0.520544369454061	2	FALSE
-1.0426365139747	-0.423523028309408	0.691891193305532	3	TRUE
-1.41352393506965	0.481010251926673	0.474571845092421	3	TRUE
-0.545901720516882	-0.250483884979881	-0.283221961826859	2	FALSE
0.484431944971764	-1.32163182578963	0.866102580107828	4	TRUE
-0.15396075814211	-1.83851625400007	0.714715411734933	4	TRUE
-0.53276005576943	0.83151319874801	-0.613646798087954	2	FALSE
0.777088246514593	0.525814576577949	0.19166927602191	3	TRUE
0.596102225601102	-1.79522102939781	-0.162285953990169	2	FALSE
-0.0579865320308787	-0.951290072579125	-0.797614352387867	1	FALSE
-0.227543633437517	-1.2010831013281	-0.760266858594117	1	FALSE
-0.414536856942746	0.864699523162623	-0.0991004678170921	2	FALSE
-2.34886933957928	0.135342649740086	-0.142870433574029	2	FALSE
-1.41834853090809	-0.356893524409546	-0.302439262055644	2	FALSE
0.613440116110377	0.327288785717064	-0.341823418707544	2	FALSE
-0.297769571920983	1.23412000886653	-0.686869758004155	2	FALSE
-0.760110511382034	-1.07672289388261	-1.14654132246561	1	FALSE
0.731281768904482	-0.366302693424481	1.61401460540142	4	TRUE
1.26734727899301	0.0856101322898513	-0.33210757298557	2	FALSE
0.529534731592269	0.655375682695207	-0.0531258536553469	2	FALSE
-1.38262131488524	0.745858758235175	0.867889557061742	4	TRUE
-0.505511958752406	0.73524817227422	-0.352460311046038	2	FALSE
-0.570183510061099	1.4374956541816	-0.433692434866985	2	FALSE
-0.380219763640124	-0.214239288125151	-0.404394014089106	2	FALSE
-0.209034712782818	-0.475588300331041	1.51254562771486	4	TRUE
0.787061499073066	-0.270823061785073	0.377630435847695	3	TRUE
-0.145435791368379	-0.112827314807152	-0.456742038783908	2	FALSE
-0.431816691624953	-0.974275984184665	-0.641580680118888	2	FALSE
-0.559086457526338	-0.536146920445169	0.90858337749708	4	TRUE
-0.366955764733697	0.219880697128215	0.266892913054786	3	TRUE
1.54405122985321	-0.558052454193569	-1.12989100593504	1	FALSE
-1.64751502988113	-1.26074020854331	0.786997843589112	4	TRUE
1.97658544803857	-0.466345378031612	0.656553738405134	3	TRUE
-0.425029230989522	0.654211845187079	-0.534135607716856	2	FALSE
0.195165943589161	-0.823758953922158	-1.00756195042364	1	FALSE
-0.133677042890375	-0.363272662140084	1.10865367622393	4	TRUE
-1.0811317428396	-0.327973757401137	0.708021799868152	4	TRUE
1.55564434197395	1.21502099718716	-0.404893474907578	2	FALSE
-1.03787209845223	-1.75686833559976	-0.0700554897017901	2	FALSE
-0.725712829431707	1.25143917637655	-0.853726144773793	1	FALSE
-0.748026858540545	1.94871383241738	0.498941177813646	3	TRUE
2.76464522997279	-1.95198182487955	-0.443182008343086	2	FALSE
0.815726414026288	0.219054218422038	-1.50598614963082	1	FALSE
